{
  "Beginner": {
    "starting-tablet-count": 3,
    "open-thunderhead": "Ballad",
    "starting-sword": "Goddess Sword",
    "required-dungeon-count": 3,
    "imp2-skip": true,
    "empty-unrequired-dungeons": true,
    "triforce-required": false,
    "triforce-shuffle": "Vanilla",
    "seed": -1,
    "randomize-entrances": "None",
    "randomize-trials": false,
    "no-spoiler-log": false,
    "Shopsanity": true,
    "rupoor-mode": "Added",
    "rupeesanity": false,
    "gondo-upgrades": true,
    "got-start": "Lowered",
    "got-sword-requirement": "True Master Sword",
    "got-dungeon-requirement": "Required",
    "open-lmf": "Open",
    "skip-horde": false,
    "skip-g3": false,
    "skip-demise": false,
    "map-mode": "Own Dungeon - Restricted",
    "small-key-mode": "Lanayru Caves Key Only",
    "boss-key-mode": "Own Dungeon",
    "logic-mode": "BiTless",
    "enabled-tricks-bitless": [],
    "enabled-tricks-glitched": [],
    "song-hints": "None",
    "bit-patches": "Vanilla",
    "impa-sot-hint": false,
    "sword-dungeon-reward": "None",
    "open-et": true,
    "demise-count": 1,
    "cube-sots": false,
    "precise-item": false,
    "shuffle-trial-objects": "None",
    "dowsing-after-whitesword": true,
    "chest-dowsing": "Vanilla",
    "dungeon-dowsing": false,
    "excluded-locations": [
      "Central Skyloft - Bazaar Goddess Chest",
      "Central Skyloft - Shed Goddess Chest",
      "Central Skyloft - West Cliff Goddess Chest",
      "Central Skyloft - Floating Island Goddess Chest",
      "Central Skyloft - Waterfall Goddess Chest",
      "Sky - Lumpy Pumpkin - Outside Goddess Chest",
      "Sky - Lumpy Pumpkin - Goddess Chest on the Roof",
      "Sky - Bamboo Island Goddess Chest",
      "Sky - Goddess Chest on Island next to Bamboo Island",
      "Sky - Goddess Chest in Cave on Island next to Bamboo Island",
      "Sky - Beedle's Island Goddess Chest",
      "Sky - Beedle's Island Cage Goddess Chest",
      "Sky - Northeast Island Goddess Chest behind Bombable Rocks",
      "Sky - Northeast Island Cage Goddess Chest",
      "Sky - Goddess Chest on Island Closest to Faron Pillar",
      "Sky - Goddess Chest outside Volcanic Island",
      "Sky - Goddess Chest inside Volcanic Island",
      "Sky - Goddess Chest under Fun Fun Island",
      "Sky - Southwest Triple Island Upper Goddess Chest",
      "Sky - Southwest Triple Island Lower Goddess Chest",
      "Sky - Southwest Triple Island Cage Goddess Chest",
      "Thunderhead - Goddess Chest outside Isle of Songs",
      "Thunderhead - Goddess Chest on top of Isle of Songs",
      "Thunderhead - East Island Goddess Chest",
      "Thunderhead - Bug Heaven Goddess Chest",
      "Thunderhead - First Goddess Chest on Mogma Mitts Island",
      "Thunderhead - Second Goddess Chest on Mogma Mitts Island",
      "Upper Skyloft - Pumpkin Archery -- 600 Points",
      "Sky - Lumpy Pumpkin - Harp Minigame",
      "Sky - Fun Fun Island Minigame -- 500 Rupees",
      "Thunderhead - Bug Heaven -- 10 Bugs in 3 Minutes",
      "Lanayru Sand Sea - Rickety Coaster -- Heart Stopping Track in 1'05",
      "Central Skyloft - Peater/Peatrice's Crystals",
      "Beedle's Shop - 600 Rupee Item",
      "Beedle's Shop - 1200 Rupee Item",
      "Beedle's Shop - 800 Rupee Item",
      "Beedle's Shop - 1600 Rupee Item",
      "Beedle's Shop - 1000 Rupee Item",
      "Batreaux's House - 70 Crystals",
      "Batreaux's House - 70 Crystals Second Reward",
      "Batreaux's House - 80 Crystals"
    ],
    "open-lake-floria": "Open",
    "upgraded-skyward-strike": true,
    "fast-air-meter": false,
    "enabled-heart-drops": true,
    "damage-multiplier": 1,
    "hint-distribution": "Balanced",
    "starting-items": [
      "Progressive Pouch",
      "Skyview Map",
      "Earth Temple Map",
      "Lanayru Mining Facility Map",
      "Ancient Cistern Map",
      "Sandship Map",
      "Fire Sanctuary Map",
      "Sky Keep Map"
    ],
    "starting-crystal-packs": 0,
    "random-starting-item": false,
    "starting-bottles": 0,
    "start-with-hylian-shield": true,
    "starting-heart-containers": 0,
    "starting-heart-piece": 0,
    "full-starting-wallet": false,
    "full-wallet-upgrades": false,
    "max-starting-bugs": false,
    "max-starting-treasures": false,
    "randomize-boss-key-puzzles": false,
    "tadtonesanity": false,
    "starting-tadtones": 0
  },
  "Allsanity": {
    "starting-tablet-count": 1,
    "open-thunderhead": "Ballad",
    "starting-sword": "Swordless",
    "required-dungeon-count": 6,
    "imp2-skip": true,
    "empty-unrequired-dungeons": true,
    "triforce-required": true,
    "triforce-shuffle": "Anywhere",
    "seed": -1,
    "randomize-entrances": "All Surface Dungeons + Sky Keep",
    "randomize-trials": true,
    "no-spoiler-log": false,
    "Shopsanity": true,
    "shop-mode": "Randomized",
    "rupoor-mode": "Added",
    "rupeesanity": true,
    "gondo-upgrades": true,
    "got-start": "Lowered",
    "got-sword-requirement": "True Master Sword",
    "got-dungeon-requirement": "Required",
    "open-lmf": "Main Node",
    "skip-horde": false,
    "skip-g3": false,
    "skip-demise": false,
    "map-mode": "Anywhere",
    "small-key-mode": "Anywhere",
    "boss-key-mode": "Anywhere",
    "logic-mode": "BiTless",
    "enabled-tricks-bitless": [],
    "enabled-tricks-glitched": [],
    "song-hints": "Advanced",
    "bit-patches": "Vanilla",
    "impa-sot-hint": true,
    "sword-dungeon-reward": "None",
    "open-et": false,
    "demise-count": 1,
    "cube-sots": true,
    "precise-item": false,
    "shuffle-trial-objects": "Full",
    "dowsing-after-whitesword": true,
    "chest-dowsing": "Progress Items",
    "dungeon-dowsing": true,
    "excluded-locations": [],
    "open-lake-floria": "Vanilla",
    "upgraded-skyward-strike": true,
    "fast-air-meter": false,
    "enabled-heart-drops": true,
    "damage-multiplier": 1,
    "hint-distribution": "Dowsing & Fi Hints",
    "starting-items": [
      "Key Piece",
      "Key Piece",
      "Key Piece",
      "Skyview Map",
      "Earth Temple Map",
      "Lanayru Mining Facility Map",
      "Ancient Cistern Map",
      "Sandship Map",
      "Fire Sanctuary Map",
      "Sky Keep Map"
    ],
    "starting-crystal-packs": 0,
    "random-starting-item": true,
    "starting-bottles": 0,
    "start-with-hylian-shield": true,
    "starting-heart-containers": 0,
    "starting-heart-piece": 0,
    "full-starting-wallet": false,
    "full-wallet-upgrades": true,
    "max-starting-bugs": false,
    "max-starting-treasures": false,
    "randomize-boss-key-puzzles": true,
    "tadtonesanity": true,
    "starting-tadtones": 0
  },
  "Remlits Beginner Tournament": {
    "starting-tablet-count": 3,
    "open-thunderhead": "Ballad",
    "starting-sword": "Goddess Sword",
    "required-dungeon-count": 2,
    "imp2-skip": true,
    "empty-unrequired-dungeons": true,
    "triforce-required": true,
    "triforce-shuffle": "Anywhere",
    "randomize-entrances": "None",
    "randomize-trials": false,
    "shopsanity": true,
    "rupoor-mode": "Off",
    "rupeesanity": true,
    "gondo-upgrades": true,
    "got-start": "Lowered",
    "got-sword-requirement": "True Master Sword",
    "got-dungeon-requirement": "Required",
    "open-lmf": "Open",
    "skip-horde": true,
    "skip-g3": false,
    "skip-demise": false,
    "map-mode": "Own Dungeon - Restricted",
    "small-key-mode": "Lanayru Caves Key Only",
    "boss-key-mode": "Own Dungeon",
    "logic-mode": "BiTless",
    "enabled-tricks-bitless": [],
    "enabled-tricks-glitched": [],
    "song-hints": "Advanced",
    "bit-patches": "Vanilla",
    "impa-sot-hint": false,
    "sword-dungeon-reward": "None",
    "open-et": true,
    "demise-count": 1,
    "cube-sots": false,
    "precise-item": false,
    "shuffle-trial-objects": "None",
    "dowsing-after-whitesword": true,
    "chest-dowsing": "Progress Items",
    "dungeon-dowsing": true,
    "excluded-locations": [
      "Upper Skyloft - Owlan's Crystals",
      "Upper Skyloft - Ghost/Pipit's Crystals",
      "Upper Skyloft - Pumpkin Archery -- 600 Points",
      "Central Skyloft - Repair Gondo's Junk",
      "Central Skyloft - Peater/Peatrice's Crystals",
      "Central Skyloft - West Cliff Goddess Chest",
      "Central Skyloft - Bazaar Goddess Chest",
      "Central Skyloft - Shed Goddess Chest",
      "Central Skyloft - Floating Island Goddess Chest",
      "Central Skyloft - Waterfall Goddess Chest",
      "Skyloft Village - Bertie's Crystals",
      "Skyloft Village - Sparrot's Crystals",
      "Batreaux's House - 5 Crystals",
      "Batreaux's House - 10 Crystals",
      "Batreaux's House - 70 Crystals",
      "Batreaux's House - 70 Crystals Second Reward",
      "Batreaux's House - 80 Crystals",
      "Beedle's Shop - 600 Rupee Item",
      "Beedle's Shop - 1200 Rupee Item",
      "Beedle's Shop - 800 Rupee Item",
      "Beedle's Shop - 1600 Rupee Item",
      "Beedle's Shop - 1000 Rupee Item",
      "Upper Skyloft - Crystal in Link's Room",
      "Upper Skyloft - Crystal in Knight Academy Plant",
      "Upper Skyloft - Crystal in Zelda's Room",
      "Upper Skyloft - Crystal in Sparring Hall",
      "Central Skyloft - Crystal in Orielle and Parrow's House",
      "Central Skyloft - Crystal on West Cliff",
      "Central Skyloft - Crystal between Wooden Planks",
      "Central Skyloft - Crystal after Waterfall Cave",
      "Central Skyloft - Crystal in Loftwing Prison",
      "Central Skyloft - Crystal on Waterfall Island",
      "Central Skyloft - Crystal on Light Tower",
      "Skyloft Village - Crystal near Pumpkin Patch",
      "Sky - Crystal outside Lumpy Pumpkin",
      "Sky - Crystal inside Lumpy Pumpkin",
      "Sky - Crystal on Beedle's Ship",
      "Sky - Lumpy Pumpkin - Harp Minigame",
      "Sky - Kina's Crystals",
      "Sky - Beedle's Crystals",
      "Sky - Dodoh's Crystals",
      "Sky - Fun Fun Island Minigame -- 500 Rupees",
      "Sky - Bamboo Island Goddess Chest",
      "Sky - Goddess Chest on Island next to Bamboo Island",
      "Sky - Goddess Chest in Cave on Island next to Bamboo Island",
      "Sky - Beedle's Island Goddess Chest",
      "Sky - Beedle's Island Cage Goddess Chest",
      "Sky - Northeast Island Goddess Chest behind Bombable Rocks",
      "Sky - Northeast Island Cage Goddess Chest",
      "Sky - Lumpy Pumpkin - Goddess Chest on the Roof",
      "Sky - Lumpy Pumpkin - Outside Goddess Chest",
      "Sky - Goddess Chest on Island Closest to Faron Pillar",
      "Sky - Goddess Chest outside Volcanic Island",
      "Sky - Goddess Chest inside Volcanic Island",
      "Sky - Goddess Chest under Fun Fun Island",
      "Sky - Southwest Triple Island Upper Goddess Chest",
      "Sky - Southwest Triple Island Lower Goddess Chest",
      "Sky - Southwest Triple Island Cage Goddess Chest",
      "Thunderhead - Song from Levias",
      "Thunderhead - Bug Heaven -- 10 Bugs in 3 Minutes",
      "Thunderhead - East Island Goddess Chest",
      "Thunderhead - Goddess Chest on top of Isle of Songs",
      "Thunderhead - Goddess Chest outside Isle of Songs",
      "Thunderhead - First Goddess Chest on Mogma Mitts Island",
      "Thunderhead - Second Goddess Chest on Mogma Mitts Island",
      "Thunderhead - Bug Heaven Goddess Chest",
      "Faron Woods - Kikwi Elder's Reward",
      "Flooded Faron Woods - Yellow Tadtone under Lilypad",
      "Flooded Faron Woods - 8 Light Blue Tadtones near Viewing Platform",
      "Flooded Faron Woods - 4 Purple Tadtones under Viewing Platform",
      "Flooded Faron Woods - Red Moving Tadtone near Viewing Platform",
      "Flooded Faron Woods - Light Blue Tadtone under Great Tree Root",
      "Flooded Faron Woods - 8 Yellow Tadtones near Kikwi Elder",
      "Flooded Faron Woods - 4 Light Blue Moving Tadtones under Kikwi Elder",
      "Flooded Faron Woods - 4 Red Moving Tadtones North West of Great Tree",
      "Flooded Faron Woods - Green Tadtone behind Upper Bombable Rock",
      "Flooded Faron Woods - 2 Dark Blue Tadtones in Grass West of Great Tree",
      "Flooded Faron Woods - 8 Green Tadtones in West Tunnel",
      "Flooded Faron Woods - 2 Red Tadtones in Grass near Lower Bombable Rock",
      "Flooded Faron Woods - 16 Dark Blue Tadtones in the South West",
      "Flooded Faron Woods - 4 Purple Moving Tadtones near Floria Gate",
      "Flooded Faron Woods - Dark Blue Moving Tadtone inside Small Hollow Tree",
      "Flooded Faron Woods - 4 Yellow Tadtones under Small Hollow Tree",
      "Flooded Faron Woods - 8 Purple Tadtones in Clearing after Small Hollow Tree",
      "Flooded Faron Woods - Water Dragon's Reward",
      "Lanayru Gorge - Thunder Dragon's Reward",
      "Lanayru Sand Sea - Ancient Harbour - Left Rupee on Entrance Crown",
      "Lanayru Sand Sea - Ancient Harbour - Right Rupee on Entrance Crown",
      "Lanayru Sand Sea - Rickety Coaster -- Heart Stopping Track in 1'05",
      "Sky Keep - First Chest",
      "Sky Keep - Chest after Dreadfuse",
      "Sky Keep - Rupee in Fire Sanctuary Room in Alcove",
      "Sky Keep - Sacred Power of Din",
      "Sky Keep - Sacred Power of Nayru",
      "Sky Keep - Sacred Power of Farore",
      "Skyloft Silent Realm - Trial Reward",
      "Faron Silent Realm - Trial Reward",
      "Lanayru Silent Realm - Trial Reward",
      "Eldin Silent Realm - Trial Reward",
      "Eldin Silent Realm - Relic 1",
      "Eldin Silent Realm - Relic 2",
      "Eldin Silent Realm - Relic 3",
      "Eldin Silent Realm - Relic 4",
      "Eldin Silent Realm - Relic 5",
      "Eldin Silent Realm - Relic 6",
      "Eldin Silent Realm - Relic 7",
      "Eldin Silent Realm - Relic 8",
      "Eldin Silent Realm - Relic 9",
      "Eldin Silent Realm - Relic 10"
    ],
    "open-lake-floria": "Open",
    "upgraded-skyward-strike": true,
    "fast-air-meter": false,
    "enable-heart-drops": true,
    "damage-multiplier": 1,
    "hint-distribution": "Remlits Tournament",
    "starting-items": [
      "Baby Rattle",
      "Cawlin's Letter",
      "Din's Power",
      "Eldin Song of the Hero Part",
      "Faron Song of the Hero Part",
      "Farore's Courage",
      "Horned Colossus Beetle",
      "Lanayru Song of the Hero Part",
      "Nayru's Wisdom",
      "Progressive Pouch",
      "Progressive Pouch",
      "Progressive Pouch",
      "Progressive Pouch",
      "Progressive Pouch",
      "Scrapper",
      "Sea Chart",
      "Stone of Trials",
      "Sandship Small Key",
      "Sandship Small Key",
      "Fire Sanctuary Small Key",
      "Skyview Map",
      "Earth Temple Map",
      "Lanayru Mining Facility Map",
      "Ancient Cistern Map",
      "Sandship Map",
      "Fire Sanctuary Map",
      "Sky Keep Map"
    ],
    "starting-crystal-packs": 4,
    "random-starting-item": false,
    "starting-bottles": 0,
    "start-with-hylian-shield": true,
    "starting-heart-containers": 2,
    "starting-heart-pieces": 0,
    "full-starting-wallet": false,
    "full-wallet-upgrades": true,
    "max-starting-bugs": false,
    "max-starting-treasures": false,
    "randomize-boss-key-puzzles": true,
    "tadtonesanity": false,
    "starting-tadtones": 0,
    "fs-lava-flow": true,
    "peatrice-conversations": 6,
    "random-start-entrance": "Vanilla",
    "limit-start-entrance": false,
    "treasuresanity-in-silent-realms": false,
    "trial-treasure-amount": 1
  }
}
