{"Zelda's Loftwing": {"Colors": {"Body Primary": "#5d56bcff", "Body Secondary": "#e4c6b9ff", "Body Accents": "#fee1cdff", "Wing Tip Inner": "#f0d1c6ff", "Wing Tip Middle": "#92a796ff", "Wing Tip Outer": "#a96da3ff", "Beak": "Default", "Eyes": "#ad7686ff", "Legs": "Default", "Collar": "#c97f16ff"}}, "Wing Ceremony Loftwing": {"Colors": {"Body Primary": "#f4b616ff", "Body Secondary": "#eec6c6ff", "Body Accents": "#dbbcc2ff", "Wing Tip Inner": "#fefe5cff", "Wing Tip Middle": "#515659ff", "Wing Tip Outer": "#2a251cff", "Beak": "#b15559ff", "Eyes": "#6c7e84ff", "Legs": "#773e47ff", "Collar": "#bd4b24ff"}}, "Groose's Loftwing": {"Colors": {"Body Primary": "#3b3152ff", "Body Secondary": "#c5a5b2ff", "Body Accents": "#953c3cff", "Wing Tip Inner": "#b09fc3ff", "Wing Tip Middle": "#49438bff", "Wing Tip Outer": "#813d3eff", "Beak": "#8d8241ff", "Eyes": "#f98532ff", "Legs": "#b09351ff", "Collar": "#ae2c12ff"}}, "Cawlin's Loftwing": {"Colors": {"Body Primary": "#7c5158ff", "Body Secondary": "#ebb99eff", "Body Accents": "#528f7dff", "Wing Tip Inner": "#d6b09bff", "Wing Tip Middle": "#577654ff", "Wing Tip Outer": "#c75f6aff", "Beak": "#bc884eff", "Eyes": "#b18708ff", "Legs": "#cb8f6bff", "Collar": "#3c382cff"}}, "Strich's Loftwing": {"Colors": {"Body Primary": "#6d6e44ff", "Body Secondary": "#eacbb7ff", "Body Accents": "#b37292ff", "Wing Tip Inner": "#fefff1ff", "Wing Tip Middle": "#f6b7c0ff", "Wing Tip Outer": "#beefdaff", "Beak": "#b59945ff", "Eyes": "#f7a126ff", "Legs": "#d1a975ff", "Collar": "#6e4824ff"}}, "Orielle's Loftwing": {"Colors": {"Body Primary": "#7e4325ff", "Body Secondary": "#dfb3b0ff", "Body Accents": "#f08cccff", "Wing Tip Inner": "#ddb7a2ff", "Wing Tip Middle": "#d87cafff", "Wing Tip Outer": "#34664bff", "Beak": "#dfa065ff", "Eyes": "#bd9323ff", "Legs": "#e2a183ff", "Collar": "#9a9ba0ff"}}, "Knights' Loftwing": {"Colors": {"Body Primary": "#56505cff", "Body Secondary": "#eecbc9ff", "Body Accents": "#57909bff", "Wing Tip Inner": "#c8afa8ff", "Wing Tip Middle": "#61a1aaff", "Wing Tip Outer": "#c0564bff", "Beak": "#b49a46ff", "Eyes": "#cec542ff", "Legs": "#d1a976ff", "Collar": "#cdc1a9ff"}}}