{
  "assignment": {
    "mode": "separate",
    "total_hints": 25,
    "default_assignment": "gossip_stone"
  },
  "banned_stones": [],
  "added_locations": [
    {"location": "Skyview - Digging Spot in Crawlspace",              "type": "sometimes"},
    {"location": "Skyview - Chest after Stalfos Fight",               "type": "sometimes"},
    {"location": "Skyview - Chest behind Three Eyes",                 "type": "sometimes"},
    {"location": "Earth Temple - Rupee in Lava Tunnel",               "type": "always"},
    {"location": "Lanayru Mining Facility - Chest after Armos Fight", "type": "sometimes"},
    {"location": "Lanayru Mining Facility - Boss Key Chest",          "type": "always"},
    {"location": "Ancient Cistern - Rupee under Lilypad",             "type": "always"},
    {"location": "Sandship - Chest after Scervo Fight",               "type": "sometimes"},
    {"location": "Sandship - Robot in Brig's Reward",                 "type": "always"},
    {"location": "Sandship - Heart Container",                        "type": "sometimes"},
    {"location": "Fire Sanctuary - Rescue First Trapped Mogma",       "type": "sometimes"},
    {"location": "Fire Sanctuary - Rescue Second Trapped Mogma",      "type": "always"},
    {"location": "Fire Sanctuary - Plats' Chest",                     "type": "sometimes"}
  ],
  "removed_locations": [
    "Thunderhead - Isle of Songs - Strike Crest with White Sword",
    "Faron Woods - Chest inside Great Tree",
    "Lake Floria - Lake Floria Chest",
    "Eldin Volcano - Digging Spot behind Boulder on Sandy Slope",
    "Lanayru Desert - Chest on top of Lanayru Mining Facility",
    "Lanayru Desert - Secret Passageway Chest",
    "Lanayru Desert - Fire Node - Shortcut Chest",
    "Earth Temple - Chest in West Room",
    "Ancient Cistern - Chest in East Part",
    "Sandship - Boss Key Chest",
    "Lanayru Gorge - Thunder Dragon's Reward",
    "Fire Sanctuary - Chest after Bombable Wall",
    "Volcano Summit - Item behind Digging"
  ],
  "added_items": [
    {"name": "Lanayru Mining Facility Small Key", "amount": 1},
    {"name": "Sky Keep Small Key", "amount": 1},
    {"name": "Skyview Boss Key", "amount": 1},
    {"name": "Earth Temple Boss Key", "amount": 1},
    {"name": "Lanayru Mining Facility Boss Key", "amount": 1},
    {"name": "Ancient Cistern Boss Key", "amount": 1},
    {"name": "Sandship Boss Key", "amount": 1},
    {"name": "Fire Sanctuary Boss Key", "amount": 1}
  ],
  "removed_items": [],
  "dungeon_sots_limit": 1,
  "dungeon_barren_limit": 1,
  "distribution": {
    "barren":    {"order": 0, "weight": 0.00, "fixed": 3, "copies": 1},
    "goal":      {"order": 1, "weight": 0.00, "fixed": 1, "copies": 1, "assignment": "fi" },
    "always":    {"order": 2, "weight": 0.00, "fixed": 0, "copies": 1},
    "item":      {"order": 3, "weight": 0.00, "fixed": 4, "copies": 1},
    "sometimes": {"order": 4, "weight": 1.60, "fixed": 5, "copies": 1},
    "sots":      {"order": 5, "weight": 0.00, "fixed": 1, "copies": 1},
    "random":    {"order": 6, "weight": 0.15, "fixed": 0, "copies": 1},
    "junk":      {"order": 7, "weight": 0.00, "fixed": 4, "copies": 1}
  }
}
