{
  "assignment": {
    "mode": "separate",
    "total_hints": 28,
    "default_assignment": "gossip_stone"
  },
  "banned_stones": [
   "Central Skyloft - Gossip Stone on Waterfall Island",
   "Sky - Gossip Stone on Lumpy Pumpkin",
   "Sky - Gossip Stone on Volcanic Island",
   "Thunderhead - Gossip Stone near Bug Heaven",
   "Sealed Grounds - Gossip Stone behind the Temple",
   "Faron Woods - Gossip Stone in Deep Woods",
   "Lake Floria - Gossip Stone outside Ancient Cistern",
   "Temple of Time - Gossip Stone in Temple of Time Area",
   "Lanayru Sand Sea - Gossip Stone in Shipyard",
   "Lanayru Caves - Gossip Stone in Center",
   "Lanayru Caves - Gossip Stone towards Lanayru Gorge"
],
  "added_locations": [
    {"location": "Eldin Volcano - Digging Spot after Vents",                                     "type": "sometimes"},
    {"location": "Bokoblin Base - Chest on Cliff",                                               "type": "sometimes"},
    {"location": "Eldin Silent Realm - Trial Reward",                                            "type": "sometimes"},
    {"location": "Earth Temple - Rupee in Lava Tunnel",                                             "type": "always"},
    {"location": "Earth Temple - Heart Container",                                                  "type": "always"},
    {"location": "Earth Temple - Strike Crest",                                                     "type": "always"},
    {"location": "Fire Sanctuary - Heart Container",                                                "type": "always"},
    {"location": "Fire Sanctuary - Din's Flame",                                                    "type": "always"},
    {"location": "Fire Sanctuary - Rescue First Trapped Mogma",                                  "type": "sometimes"},
    {"location": "Fire Sanctuary - Chest after Bombable Wall",                                   "type": "sometimes"},
    {"location": "Fire Sanctuary - Rescue Second Trapped Mogma",                                 "type": "sometimes"},
    {"location": "Lanayru Caves - Chest",                                                           "type": "always"}
  ],
  "removed_locations": [
   "Upper Skyloft - Owlan's Crystals",
   "Upper Skyloft - Pumpkin Archery -- 600 Points",
   "Central Skyloft - Waterfall Goddess Chest",
   "Central Skyloft - Peater/Peatrice's Crystals",
   "Skyloft Village - Sparrot's Crystals",
   "Batreaux's House - 50 Crystals",
   "Batreaux's House - 70 Crystals",
   "Batreaux's House - 70 Crystals Second Reward",
   "Batreaux's House - 80 Crystals",
   "Beedle's Shop - 1200 Rupee Item",
   "Beedle's Shop - 1600 Rupee Item",
   "Skyloft Silent Realm - Trial Reward",
   "Sky - Lumpy Pumpkin - Harp Minigame",
   "Sky - Kina's Crystals",
   "Sky - Beedle's Crystals",
   "Sky - Fun Fun Island Minigame -- 500 Rupees",
   "Sky - Beedle's Island Goddess Chest",
   "Thunderhead - Song from Levias",
   "Thunderhead - Isle of Songs - Strike Crest with White Sword",
   "Thunderhead - Bug Heaven -- 10 Bugs in 3 Minutes",
   "Sealed Grounds - Gorko's Goddess Wall Reward",
   "Sealed Grounds - Zelda's Blessing",
   "Faron Woods - Kikwi Elder's Reward",
   "Faron Woods - Chest inside Great Tree",
   "Lake Floria - Lake Floria Chest",
   "Flooded Faron Woods - Water Dragon's Reward",
   "Skyview - Digging Spot in Crawlspace",
   "Skyview - Chest behind Three Eyes",
   "Ancient Cistern - Chest in East Part",
   "Faron Silent Realm - Trial Reward",
   "Lanayru Desert - Chest on top of Lanayru Mining Facility",
   "Lanayru Desert - Secret Passageway Chest",
   "Lanayru Desert - Fire Node - Shortcut Chest",
   "Lanayru Gorge - Thunder Dragon's Reward",
   "Lanayru Sand Sea - Skipper's Retreat - Chest in Shack", 
   "Lanayru Sand Sea - Rickety Coaster -- Heart Stopping Track in 1'05",
   "Lanayru Mining Facility - Boss Key Chest",
   "Sandship - Robot in Brig's Reward",
   "Sandship - Chest after Scervo Fight",
   "Sandship - Boss Key Chest",
   "Sandship - Heart Container",
   "Lanayru Silent Realm - Trial Reward"
],
  "added_items": [],
  "removed_items": [],
  "dungeon_sots_limit": 1,
  "dungeon_barren_limit": 1,
  "distribution": {
    "junk":      {"order": 0, "weight": 0.00, "fixed": 10, "copies": 1, "assignment": "fi" },
    "goal":      {"order": 1, "weight": 0.00, "fixed": 0, "copies": 1},
    "always":    {"order": 2, "weight": 0.00, "fixed": 0, "copies": 1},
    "item":      {"order": 3, "weight": 0.00, "fixed": 4, "copies": 1},
    "sometimes": {"order": 4, "weight": 1.60, "fixed": 4, "copies": 1},
    "sots":      {"order": 5, "weight": 0.00, "fixed": 0, "copies": 1},
    "random":    {"order": 6, "weight": 0.15, "fixed": 4, "copies": 1},
    "barren":    {"order": 7, "weight": 0.00, "fixed": 0, "copies": 1}
  }
}
