{
  "assignment": {
    "mode": "separate",
    "total_hints": 28,
    "default_assignment": "gossip_stone"
  },
  "banned_stones": [
   "Central Skyloft - Gossip Stone on Waterfall Island",
   "Sky - Gossip Stone on Volcanic Island",
   "Sky - Gossip Stone on Bamboo Island",
   "Thunderhead - Gossip Stone near Bug Heaven",
   "Eldin Volcano - Gossip Stone next to Earth Temple",
   "Eldin Volcano - Gossip Stone in Thrill Digger Cave",
   "Eldin Volcano - Gossip Stone in Lower Platform Cave",
   "Eldin Volcano - Gossip Stone in Upper Platform Cave",
   "Volcano Summit - Gossip Stone near Second Thirsty Frog",
   "Volcano Summit - Gossip Stone in Waterfall Area",
   "Temple of Time - Gossip Stone in Temple of Time Area",
   "Lanayru Sand Sea - Gossip Stone in Shipyard",
   "Lanayru Caves - Gossip Stone in Center",
   "Lanayru Caves - Gossip Stone towards Lanayru Gorge"
],
  "added_locations": [
    {"location": "Flooded Faron Woods - 16 Dark Blue Tadtones in the South West",                "type": "sometimes"},
    {"location": "Flooded Faron Woods - 8 Purple Tadtones in Clearing after Small Hollow Tree",  "type": "sometimes"},
    {"location": "Faron Silent Realm - Trial Reward",                                            "type": "sometimes"},
    {"location": "Skyview - Heart Container",                                                       "type": "always"},
    {"location": "Skyview - Rupee on Spring Pillar",                                                "type": "always"},
    {"location": "Skyview - Strike Crest",                                                          "type": "always"},
    {"location": "Ancient Cistern - Farore's Flame",                                                "type": "always"},
    {"location": "Ancient Cistern - Heart Container",                                               "type": "always"},
    {"location": "Ancient Cistern - Bokoblin",                                                   "type": "sometimes"},
    {"location": "Ancient Cistern - Rupee under Lilypad",                                        "type": "sometimes"},
    {"location": "Ancient Cistern - Chest in Key Locked Room",                                   "type": "sometimes"},
    {"location": "Lanayru Caves - Chest",                                                           "type": "always"}
  ],
  "removed_locations": [
   "Upper Skyloft - Owlan's Crystals",
   "Upper Skyloft - Pumpkin Archery -- 600 Points",
   "Central Skyloft - Waterfall Goddess Chest",
   "Central Skyloft - Peater/Peatrice's Crystals",
   "Skyloft Village - Sparrot's Crystals",
   "Batreaux's House - 50 Crystals",
   "Batreaux's House - 70 Crystals",
   "Batreaux's House - 70 Crystals Second Reward",
   "Batreaux's House - 80 Crystals",
   "Beedle's Shop - 1200 Rupee Item",
   "Beedle's Shop - 1600 Rupee Item",
   "Skyloft Silent Realm - Trial Reward",
   "Sky - Lumpy Pumpkin - Harp Minigame",
   "Sky - Kina's Crystals",
   "Sky - Beedle's Crystals",
   "Sky - Fun Fun Island Minigame -- 500 Rupees",
   "Sky - Beedle's Island Goddess Chest",
   "Thunderhead - Song from Levias",
   "Thunderhead - Isle of Songs - Strike Crest with White Sword",
   "Thunderhead - Bug Heaven -- 10 Bugs in 3 Minutes",
   "Eldin Volcano - Digging Spot behind Boulder on Sandy Slope",
   "Volcano Summit - Item behind Digging",
   "Earth Temple - Chest in West Room",
   "Fire Sanctuary - Chest after Bombable Wall",
   "Eldin Silent Realm - Trial Reward",
   "Lanayru Desert - Chest on top of Lanayru Mining Facility",
   "Lanayru Desert - Secret Passageway Chest",
   "Lanayru Desert - Fire Node - Shortcut Chest",
   "Lanayru Gorge - Thunder Dragon's Reward",
   "Lanayru Sand Sea - Skipper's Retreat - Chest in Shack", 
   "Lanayru Sand Sea - Rickety Coaster -- Heart Stopping Track in 1'05",
   "Lanayru Mining Facility - Boss Key Chest",
   "Sandship - Robot in Brig's Reward",
   "Sandship - Chest after Scervo Fight",
   "Sandship - Boss Key Chest",
   "Sandship - Heart Container",
   "Lanayru Silent Realm - Trial Reward"
],
  "added_items": [],
  "removed_items": [],
  "dungeon_sots_limit": 1,
  "dungeon_barren_limit": 1,
  "distribution": {
    "junk":      {"order": 0, "weight": 0.00, "fixed": 10, "copies": 1, "assignment": "fi" },
    "goal":      {"order": 1, "weight": 0.00, "fixed": 0, "copies": 1},
    "always":    {"order": 2, "weight": 0.00, "fixed": 0, "copies": 1},
    "item":      {"order": 3, "weight": 0.00, "fixed": 2, "copies": 1},
    "sometimes": {"order": 4, "weight": 1.60, "fixed": 6, "copies": 1},
    "sots":      {"order": 5, "weight": 0.00, "fixed": 0, "copies": 1},
    "random":    {"order": 6, "weight": 0.15, "fixed": 4, "copies": 1},
    "barren":    {"order": 7, "weight": 0.00, "fixed": 0, "copies": 1}
  }
}
