{
  "assignment": {
    "mode": "separate",
    "total_hints": 28,
    "default_assignment": "gossip_stone"
  },
  "banned_stones": [
   "Central Skyloft - Gossip Stone on Waterfall Island",
   "Sky - Gossip Stone on Lumpy Pumpkin",
   "Sky - Gossip Stone on Bamboo Island",
   "Thunderhead - Gossip Stone near Bug Heaven",
   "Eldin Volcano - Gossip Stone next to Earth Temple",
   "Eldin Volcano - Gossip Stone in Thrill Digger Cave",
   "Eldin Volcano - Gossip Stone in Lower Platform Cave",
   "Eldin Volcano - Gossip Stone in Upper Platform Cave",
   "Volcano Summit - Gossip Stone near Second Thirsty Frog",
   "Volcano Summit - Gossip Stone in Waterfall Area",
   "Temple of Time - Gossip Stone in Temple of Time Area",
   "Sealed Grounds - Gossip Stone behind the Temple",
   "Faron Woods - Gossip Stone in Deep Woods",
   "Lake Floria - Gossip Stone outside Ancient Cistern"
],
  "added_locations": [
    {"location": "Lanayru Mine - Chest behind Statue",                                              "type": "sometimes"},
    {"location": "Lanayru Desert - Chest on top of Lanayru Mining Facility",                        "type": "sometimes"},
    {"location": "Lanayru Desert - Lightning Node - Raised Chest near Generator",                   "type": "sometimes"},
    {"location": "Lanayru Mining Facility - Heart Container",                                          "type": "always"},
    {"location": "Lanayru Mining Facility - Exit Hall of Ancient Robots",                              "type": "always"},
    {"location": "Lanayru Silent Realm - Trial Reward",                                             "type": "sometimes"},
    {"location": "Sandship - Nayru's Flame",                                                           "type": "always"},
    {"location": "Sandship - Heart Container",                                                         "type": "always"},
    {"location": "Lanayru Gorge - Thunder Dragon's Reward",                                         "type": "sometimes"},
    {"location": "Lanayru Sand Sea - Rickety Coaster -- Heart Stopping Track in 1'05",                 "type": "always"},
    {"location": "Lanayru Sand Sea - Pirate Stronghold - Third Chest",                              "type": "sometimes"},
    {"location": "Sandship - Robot in Brig's Reward",                                                  "type": "always"},
    {"location": "Lanayru Mining Facility - Chest in Key Locked Room",                              "type": "sometimes"},
    {"location": "Lanayru Desert - Chest on top of Lanayru Mining Facility",                        "type": "sometimes"},
    {"location": "Lanayru Desert - Lightning Node - Raised Chest near Generator",                   "type": "sometimes"},
    {"location": "Sandship - Chest at the Stern",                                                   "type": "sometimes"}
  ],
  "removed_locations": [
   "Upper Skyloft - Owlan's Crystals",
   "Upper Skyloft - Pumpkin Archery -- 600 Points",
   "Central Skyloft - Waterfall Goddess Chest",
   "Central Skyloft - Peater/Peatrice's Crystals",
   "Skyloft Village - Sparrot's Crystals",
   "Batreaux's House - 50 Crystals",
   "Batreaux's House - 70 Crystals",
   "Batreaux's House - 70 Crystals Second Reward",
   "Batreaux's House - 80 Crystals",
   "Beedle's Shop - 1200 Rupee Item",
   "Beedle's Shop - 1600 Rupee Item",
   "Skyloft Silent Realm - Trial Reward",
   "Sky - Lumpy Pumpkin - Harp Minigame",
   "Sky - Kina's Crystals",
   "Sky - Beedle's Crystals",
   "Sky - Fun Fun Island Minigame -- 500 Rupees",
   "Sky - Beedle's Island Goddess Chest",
   "Thunderhead - Song from Levias",
   "Thunderhead - Isle of Songs - Strike Crest with White Sword",
   "Thunderhead - Bug Heaven -- 10 Bugs in 3 Minutes",
   "Sealed Grounds - Gorko's Goddess Wall Reward",
   "Sealed Grounds - Zelda's Blessing",
   "Faron Woods - Kikwi Elder's Reward",
   "Faron Woods - Chest inside Great Tree",
   "Lake Floria - Lake Floria Chest",
   "Flooded Faron Woods - Water Dragon's Reward",
   "Skyview - Digging Spot in Crawlspace",
   "Skyview - Chest behind Three Eyes",
   "Ancient Cistern - Chest in East Part",
   "Faron Silent Realm - Trial Reward",
   "Eldin Volcano - Digging Spot behind Boulder on Sandy Slope",
   "Volcano Summit - Item behind Digging",
   "Earth Temple - Chest in West Room",
   "Fire Sanctuary - Chest after Bombable Wall",
   "Eldin Silent Realm - Trial Reward"
],
  "added_items": [],
  "removed_items": [],
  "dungeon_sots_limit": 1,
  "dungeon_barren_limit": 1,
  "distribution": {
    "junk":      {"order": 0, "weight": 0.00, "fixed": 10, "copies": 1, "assignment": "fi" },
    "goal":      {"order": 1, "weight": 0.00, "fixed": 0, "copies": 1},
    "always":    {"order": 2, "weight": 0.00, "fixed": 0, "copies": 1},
    "item":      {"order": 3, "weight": 0.00, "fixed": 2, "copies": 1},
    "sometimes": {"order": 4, "weight": 1.60, "fixed": 7, "copies": 1},
    "sots":      {"order": 5, "weight": 0.00, "fixed": 0, "copies": 1},
    "random":    {"order": 6, "weight": 0.15, "fixed": 2, "copies": 1},
    "barren":    {"order": 7, "weight": 0.00, "fixed": 0, "copies": 1}
  }
}
