{
  "assignment": {
    "mode": "separate",
    "total_hints": 20,
    "default_assignment": "gossip_stone"
  },
  "banned_stones": [],
  "added_locations": [
    {"location": "Skyview - Strike Crest",                                "type": "always"},
    {"location": "Earth Temple - Strike Crest",                           "type": "always"},
    {"location": "Lanayru Mining Facility - Exit Hall of Ancient Robots", "type": "always"},
    {"location": "Ancient Cistern - Farore's Flame",                      "type": "always"},
    {"location": "Sandship - Nayru's Flame",                              "type": "always"},
    {"location": "Fire Sanctuary - Din's Flame",                          "type": "always"},
    {"location": "Sky Keep - Sacred Power of Din",                        "type": "always"},
    {"location": "Sky Keep - Sacred Power of Nayru",                      "type": "always"},
    {"location": "Sky Keep - Sacred Power of Farore",                     "type": "always"},
    {"location": "Sky Keep - Chest after Dreadfuse",                      "type": "sometimes"},
    {"location": "Fire Sanctuary - Chest after Bombable Wall",            "type": "sometimes"},
    {"location": "Lanayru Mining Facility - Boss Key Chest",              "type": "sometimes"},
    {"location": "Ancient Cistern - Bokoblin",                            "type": "sometimes"}
  ],
  "removed_locations": [
    "Faron Woods - Chest inside Great Tree",
    "Lake Floria - Lake Floria Chest",
    "Eldin Volcano - Digging Spot behind Boulder on Sandy Slope",
    "Lanayru Desert - Chest on top of Lanayru Mining Facility",
    "Skyview - Chest behind Three Eyes",
    "Earth Temple - Chest in West Room",
    "Ancient Cistern - Chest in East Part",
    "Lanayru Gorge - Thunder Dragon's Reward",
    "Sandship - Heart Container",
    "Lanayru Desert - Fire Node - Shortcut Chest",
    "Lanayru Desert - Secret Passageway Chest",
    "Batreaux's House - 50 Crystals",
    "Lanayru Mining Facility - Boss Key Chest",
    "Skyview - Digging Spot in Crawlspace",
    "Sealed Grounds - Zelda's Blessing",
    "Sandship - Boss Key Chest",
    "Sandship - Chest after Scervo Fight"
  ],
  "added_items": [
    {"name": "Triforce of Courage", "amount": 1},
    {"name": "Triforce of Wisdom", "amount": 1},
    {"name": "Triforce of Power", "amount": 1}
],
  "removed_items": [
    {"name": "Clawshots", "type": "item"},
    {"name": "Emerald Tablet", "type": "item"},
    {"name": "Ruby Tablet", "type": "item"},
    {"name": "Amber Tablet", "type": "item"},
    {"name": "Water Dragon's Scale", "type": "item"},
    {"name": "Fireshield Earrings", "type": "item"},
    {"name": "Progressive Beetle #0", "type": "item"},
    {"name": "Progressive Beetle #1", "type": "item"},
    {"name": "Progressive Beetle #2", "type": "item"},
    {"name": "Progressive Beetle #3", "type": "item"},
    {"name": "Progressive Beetle #3", "type": "item"},
    {"name": "Progressive Sword #0", "type": "item"},
    {"name": "Progressive Sword #1", "type": "item"},
    {"name": "Progressive Sword #2", "type": "item"},
    {"name": "Progressive Sword #3", "type": "item"},
    {"name": "Progressive Sword #4", "type": "item"},
    {"name": "Progressive Sword #5", "type": "item"},
    {"name": "Goddess's Harp", "type": "item"},
    {"name": "Sea Chart", "type": "item"}
],
  "dungeon_sots_limit": 1,
  "dungeon_barren_limit": 1,
  "distribution": {
    "item":      {"order": 0, "weight": 0.00, "fixed": 3, "copies": 1, "assignment": "fi" },
    "always":    {"order": 1, "weight": 0.00, "fixed": 10, "copies": 1},
    "sometimes": {"order": 2, "weight": 1.00, "fixed": 4, "copies": 1},
    "sots":      {"order": 3, "weight": 0.00, "fixed": 2, "copies": 1},
    "random":    {"order": 4, "weight": 0.00, "fixed": 0, "copies": 1},
    "barren":    {"order": 5, "weight": 0.00, "fixed": 2, "copies": 1},
    "junk":      {"order": 6, "weight": 0.00, "fixed": 4, "copies": 1}
  }
}