{
  "assignment": {
    "mode": "separate",
    "total_hints": 60,
    "default_assignment": "gossip_stone"
  },
  "banned_stones": [],
  "added_locations": [
    {"location": "Upper Skyloft - Fledge's Crystals",                     "type": "sometimes"},
    {"location": "Lanayru Sand Sea - Skipper's Retreat - Chest in Shack", "type": "always"},
    {"location": "Sandship - Robot in Brig's Reward",                     "type": "always"},
    {"location": "Faron Woods - Item behind Lower Bombable Rock",         "type": "sometimes"},
    {"location": "Earth Temple - Rupee in Lava Tunnel",                   "type": "sometimes"},
    {"location": "Ancient Cistern - Rupee under Lilypad",                 "type": "sometimes"},
    {"location": "Fire Sanctuary - Rescue Second Trapped Mogma",          "type": "sometimes"},
    {"location": "Lanayru Mining Facility - Boss Key Chest",              "type": "sometimes"},
    {"location": "Central Skyloft - Peater/Peatrice's Crystals",          "type": "sometimes"},
    {"location": "Beedle's Shop - 600 Rupee Item",                        "type": "sometimes"},
    {"location": "Beedle's Shop - 800 Rupee Item",                        "type": "sometimes"},
    {"location": "Flooded Faron Woods - 16 Dark Blue Tadtones in the South West",  "type": "sometimes"},
    {"location": "Bokoblin Base - Chest East of Earth Temple Entrance",            "type": "sometimes"},
    {"location": "Lanayru Gorge - Digging Spot",                          "type": "sometimes"},
    {"location": "Skyview - Digging Spot in Crawlspace",                  "type": "sometimes"},
    {"location": "Sandship - Chest at the Stern",                         "type": "sometimes"},
    {"location": "Ancient Cistern - Bokoblin",                            "type": "sometimes"},
    {"location": "Skyloft Village - Bertie's Crystals",                   "type": "sometimes"},
    {"location": "Skyloft Village - Mallara's Crystals",                  "type": "sometimes"},
    {"location": "Faron Woods - Item behind Lower Bombable Rock",         "type": "sometimes"},
    {"location": "Faron Woods - Deep Woods Chest",                        "type": "sometimes"},
    {"location": "Sealed Grounds - Song from Impa",                       "type": "sometimes"}
  ],
  "removed_locations": [
  ],
  "added_items": [
    {"name": "Triforce of Courage", "amount": 1},
    {"name": "Triforce of Wisdom", "amount": 1},
    {"name": "Triforce of Power", "amount": 1},
    {"name": "Tumbleweed", "amount": 1}
],
  "removed_items": [],
  "dungeon_sots_limit": 1,
  "dungeon_barren_limit": 1,
  "distribution": {
    "random":    {"order": 0, "weight": 0.00, "fixed": 40, "copies": 1},
    "junk":    {"order": 1, "weight": 0.00, "fixed": 10, "copies": 1, "assignment": "fi" },
    "goal":      {"order": 2, "weight": 0.00, "fixed": 0, "copies": 1},
    "sots":      {"order": 3, "weight": 0.00, "fixed": 5, "copies": 1},
    "item":      {"order": 4, "weight": 0.00, "fixed": 5, "copies": 1},
    "sometimes": {"order": 5, "weight": 100.00, "fixed": 0, "copies": 1},
    "barren":    {"order": 6, "weight": 0.01, "fixed": 0, "copies": 1},
    "always":      {"order": 7, "weight": 0.00, "fixed": 0, "copies": 1}
  }
}