{
  "fi_hints": 0,
  "hints_per_stone": 2,
  "banned_stones": [
    "Lanayru Sand Sea - Gossip Stone in Shipyard",
    "Temple of Time - Gossip Stone in Temple of Time Area:"
  ],
  "added_locations": [
    {"location": "Batreaux's House - 10 Crystals", "type": "always"}
  ],
  "removed_locations": [],
  "added_items": [
    {"name": "Progressive Bug Net #0", "amount": 1},
    {"name": "Progressive Mitts #0",   "amount": 1},
    {"name": "Progressive Mitts #1",   "amount": 1}
  ],
  "removed_items": [
    {"name": "Key Piece #0", "type": "sots"},
    {"name": "Key Piece #1", "type": "sots"},
    {"name": "Key Piece #2", "type": "sots"},
    {"name": "Key Piece #3", "type": "sots"},
    {"name": "Key Piece #4", "type": "sots"}
  ],
  "dungeon_sots_limit": 1,
  "dungeon_barren_limit": 1,
  "distribution": {
    "always":    {"order": 0, "weight": 0.00, "fixed": 0, "copies": 2},
    "sometimes": {"order": 1, "weight": 0.00, "fixed": 5, "copies": 1},
    "bk":        {"order": 2, "weight": 0.50, "fixed": 2, "copies": 1},
    "goal":      {"order": 3, "weight": 0.00, "fixed": 1, "copies": 1},
    "sots":      {"order": 4, "weight": 2.50, "fixed": 2, "copies": 1},
    "barren":    {"order": 5, "weight": 1.50, "fixed": 1, "copies": 1},
    "item":      {"order": 6, "weight": 2.00, "fixed": 1, "copies": 1},
    "random":    {"order": 7, "weight": 0.70, "fixed": 0, "copies": 1},
    "junk":      {"order": 8, "weight": 0.30, "fixed": 0, "copies": 1}
  }
}
