{
  "assignment": {
    "mode": "separate",
    "total_hints": 30,
    "default_assignment": "gossip_stone"
  },
  "banned_stones": [
   "Sealed Grounds - Gossip Stone behind the Temple",
   "Faron Woods - Gossip Stone in Deep Woods",
   "Lake Floria - Gossip Stone outside Ancient Cistern",
   "Eldin Volcano - Gossip Stone next to Earth Temple",
   "Eldin Volcano - Gossip Stone in Thrill Digger Cave",
   "Eldin Volcano - Gossip Stone in Lower Platform Cave",
   "Eldin Volcano - Gossip Stone in Upper Platform Cave",
   "Volcano Summit - Gossip Stone near Second Thirsty Frog",
   "Volcano Summit - Gossip Stone in Waterfall Area",
   "Temple of Time - Gossip Stone in Temple of Time Area",
   "Lanayru Sand Sea - Gossip Stone in Shipyard",
   "Lanayru Caves - Gossip Stone in Center",
   "Lanayru Caves - Gossip Stone towards Lanayru Gorge"
],
  "added_locations": [
    {"location": "Upper Skyloft - Owlan's Crystals",              "type": "sometimes"},
    {"location": "Upper Skyloft - Pumpkin Archery -- 600 Points",  "type": "sometimes"},
    {"location": "Central Skyloft - Repair Gondo's Junk",         "type": "sometimes"},
    {"location": "Central Skyloft - Peater/Peatrice's Crystals",  "type": "sometimes"},
    {"location": "Central Skyloft - Bazaar Goddess Chest",        "type": "sometimes"},
    {"location": "Central Skyloft - Waterfall Goddess Chest",        "type": "always"},
    {"location": "Central Skyloft - Floating Island Goddess Chest",  "type": "always"},
    {"location": "Central Skyloft - Shed Goddess Chest",          "type": "sometimes"},
    {"location": "Beedle's Shop - 1200 Rupee Item",               "type": "sometimes"},
    {"location": "Beedle's Shop - 1600 Rupee Item",               "type": "sometimes"},
    {"location": "Sky - Kina's Crystals",                            "type": "always"},
    {"location": "Sky - Lumpy Pumpkin - Harp Minigame",              "type": "always"},
    {"location": "Sky - Dodoh's Crystals",                        "type": "sometimes"},
    {"location": "Sky - Beedle's Crystals",                       "type": "sometimes"},
    {"location": "Sky - Fun Fun Island Minigame -- 500 Rupees",      "type": "always"},
    {"location": "Sky - Bamboo Island Goddess Chest",              "type": "sometimes"},
    {"location": "Sky - Northeast Island Cage Goddess Chest",  "type":          "sometimes"},
    {"location": "Sky - Beedle's Island Goddess Chest",         "type":         "always"},
    {"location": "Sky - Lumpy Pumpkin - Outside Goddess Chest",  "type":        "sometimes"},
    {"location": "Sky - Goddess Chest on Island Closest to Faron Pillar",       "type": "sometimes"},
    {"location": "Sky - Southwest Triple Island Cage Goddess Chest",            "type": "sometimes"},
    {"location": "Thunderhead - Bug Heaven Goddess Chest",                      "type": "sometimes"},
    {"location": "Thunderhead - Goddess Chest on top of Isle of Songs",         "type": "sometimes"},
    {"location": "Sky Keep - Chest after Dreadfuse",  "type": "always"},
    {"location": "Sky Keep - Sacred Power of Din",  "type": "always"},
    {"location": "Sky Keep - Sacred Power of Farore",  "type": "always"},
    {"location": "Sky Keep - Sacred Power of Nayru",  "type": "always"},
    {"location": "Sky Keep - Rupee in Fire Sanctuary Room in Alcove",  "type": "always"},
    {"location": "Skyloft Silent Realm - Trial Reward",  "type": "sometimes"},
    {"location": "Batreaux's House - 80 Crystals",  "type": "always"},
    {"location": "Batreaux's House - 70 Crystals",  "type": "sometimes"},
    {"location": "Batreaux's House - 70 Crystals Second Reward",  "type": "sometimes"},
    {"location": "Lanayru Caves - Chest",  "type": "always"}
  ],
  "removed_locations": [],
  "added_items": [],
  "removed_items": [],
  "dungeon_sots_limit": 1,
  "dungeon_barren_limit": 1,
  "distribution": {
    "barren":    {"order": 0, "weight": 0.00, "fixed": 0, "copies": 1},
    "goal":      {"order": 1, "weight": 0.00, "fixed": 0, "copies": 1},
    "always":    {"order": 2, "weight": 0.00, "fixed": 0, "copies": 1},
    "item":      {"order": 3, "weight": 0.00, "fixed": 5, "copies": 1},
    "sometimes": {"order": 4, "weight": 1.60, "fixed": 50, "copies": 1},
    "sots":      {"order": 5, "weight": 0.00, "fixed": 0, "copies": 1},
    "random":    {"order": 6, "weight": 0.15, "fixed": 5, "copies": 1},
    "junk":      {"order": 7, "weight": 0.00, "fixed": 10, "copies": 1, "assignment": "fi" }
  }
}