{
  "assignment": {
    "mode": "separate",
    "total_hints": 45,
    "default_assignment": "gossip_stone"
  },
  "banned_stones": [
     "Temple of Time - Gossip Stone in Temple of Time Area",
     "Lanayru Sand Sea - Gossip Stone in Shipyard",
     "Eldin Volcano - Gossip Stone in Upper Platform Cave",
     "Eldin Volcano - Gossip Stone in Lower Platform Cave"
  ],
  "added_locations": [
    {"location": "Upper Skyloft - Fledge's Crystals",                     "type": "sometimes"},
    {"location": "Lanayru Sand Sea - Skipper's Retreat - Chest in Shack",    "type": "always"},
    {"location": "Sandship - Robot in Brig's Reward",                        "type": "always"},
    {"location": "Central Skyloft - Waterfall Goddess Chest",                "type": "always"},
    {"location": "Upper Skyloft - Owlan's Crystals",                         "type": "always"},
    {"location": "Faron Woods - Item behind Lower Bombable Rock",         "type": "sometimes"},
    {"location": "Earth Temple - Rupee in Lava Tunnel",                   "type": "sometimes"},
    {"location": "Ancient Cistern - Rupee under Lilypad",                 "type": "sometimes"},
    {"location": "Fire Sanctuary - Rescue Second Trapped Mogma",          "type": "sometimes"},
    {"location": "Lanayru Mining Facility - Boss Key Chest",              "type": "sometimes"},
    {"location": "Central Skyloft - Peater/Peatrice's Crystals",          "type": "sometimes"},
    {"location": "Beedle's Shop - 600 Rupee Item",                        "type": "sometimes"},
    {"location": "Flooded Faron Woods - 16 Dark Blue Tadtones in the South West",  "type": "sometimes"},
    {"location": "Bokoblin Base - Chest East of Earth Temple Entrance",            "type": "sometimes"},
    {"location": "Lanayru Gorge - Digging Spot",                          "type": "sometimes"},
    {"location": "Skyview - Digging Spot in Crawlspace",                  "type": "sometimes"},
    {"location": "Sandship - Chest at the Stern",                         "type": "sometimes"},
    {"location": "Ancient Cistern - Bokoblin",                            "type": "sometimes"},
    {"location": "Skyloft Village - Bertie's Crystals",                   "type": "sometimes"},
    {"location": "Skyloft Village - Mallara's Crystals",                  "type": "sometimes"},
    {"location": "Faron Woods - Item behind Lower Bombable Rock",         "type": "sometimes"},
    {"location": "Sealed Grounds - Song from Impa",                       "type": "sometimes"},
    {"location": "Thunderhead - Goddess Chest on top of Isle of Songs",   "type": "sometimes"},
    {"location": "Sky - Southwest Triple Island Cage Goddess Chest",      "type": "sometimes"},
    {"location": "Sky - Beedle's Island Cage Goddess Chest",              "type": "sometimes"}
  ],
  "removed_locations": [
    "Faron Woods - Chest inside Great Tree",
    "Lake Floria - Lake Floria Chest",
    "Eldin Volcano - Digging Spot behind Boulder on Sandy Slope",
    "Lanayru Desert - Chest on top of Lanayru Mining Facility",
    "Skyview - Chest behind Three Eyes",
    "Earth Temple - Chest in West Room",
    "Ancient Cistern - Chest in East Part",
    "Sandship - Boss Key Chest",
    "Lanayru Desert - Secret Passageway Chest"
  ],
  "added_items": [
    {"name": "Triforce of Courage", "amount": 1},
    {"name": "Triforce of Wisdom", "amount": 1},
    {"name": "Triforce of Power", "amount": 1},
    {"name": "Tumbleweed", "amount": 1}
],
  "removed_items": [
    {"name": "Clawshots", "type": "item"},
    {"name": "Water Dragon's Scale", "type": "item"},
    {"name": "Fireshield Earrings", "type": "item"},
    {"name": "Progressive Beetle #0", "type": "item"},
    {"name": "Progressive Beetle #1", "type": "item"},
    {"name": "Progressive Beetle #2", "type": "item"},
    {"name": "Progressive Beetle #3", "type": "item"},
    {"name": "Sea Chart", "type": "item"}
],
  "dungeon_sots_limit": 1,
  "dungeon_barren_limit": 1,
  "distribution": {
    "barren":    {"order": 0, "weight": 0.00, "fixed": 3, "copies": 1, "assignment": "fi" },
    "always":    {"order": 1, "weight": 0.00, "fixed": 0, "copies": 1},
    "goal":      {"order": 2, "weight": 0.00, "fixed": 1, "copies": 1, "assignment": "fi" },
    "sots":      {"order": 3, "weight": 0.00, "fixed": 4, "copies": 1},
    "item":      {"order": 4, "weight": 0.00, "fixed": 3, "copies": 1},
    "sometimes": {"order": 5, "weight": 100.00, "fixed": 16, "copies": 1},
    "random":    {"order": 6, "weight": 0.01, "fixed": 2, "copies": 1},
    "junk":      {"order": 7, "weight": 0.00, "fixed": 5, "copies": 1}
  }
}
