{"Red Tunic": {"Colors": {"Skin": "Default", "Hat": "#c6493dff", "Hair": "Default", "Eyes": "Default", "Tunic": "#c6493dff", "Undershirt": "Default", "Chainmail": "Default", "Bracers": "Default", "Gloves": "Default", "Belt": "Default", "Belt Buckle": "Default", "Skirt": "#c6493dff", "Pants": "Default", "Boots": "Default", "Soles": "Default", "Pyjama Hair": "Default", "Pyjama Shirt": "#9e4842ff", "Pyjama Shirt Pattern": "#3f2222ff", "Pyjama Band": "Default", "Pyjama Band Pattern": "Default", "Pyjama Belt": "#812a2aff", "Pyjama Pants": "#6b2f2fff", "Pyjama Boots": "Default", "Pyjama Soles": "Default"}, "AllowTunicSwap": "True"}, "Blue Tunic": {"Colors": {"Skin": "Default", "Hat": "#404bb6ff", "Hair": "Default", "Eyes": "Default", "Tunic": "#404bb6ff", "Undershirt": "Default", "Chainmail": "Default", "Bracers": "Default", "Gloves": "Default", "Belt": "Default", "Belt Buckle": "Default", "Skirt": "#404bb6ff", "Pants": "Default", "Boots": "Default", "Soles": "Default", "Pyjama Hair": "Default", "Pyjama Shirt": "#667ebeff", "Pyjama Shirt Pattern": "#3f4e5cff", "Pyjama Band": "#23236fff", "Pyjama Band Pattern": "#c1c5ffff", "Pyjama Belt": "#303481ff", "Pyjama Pants": "#343b5cff", "Pyjama Boots": "Default", "Pyjama Soles": "Default"}, "AllowTunicSwap": "True"}, "Purple Tunic": {"Colors": {"Skin": "Default", "Hat": "#8e53d7ff", "Hair": "Default", "Eyes": "Default", "Tunic": "#8e53d7ff", "Undershirt": "Default", "Chainmail": "Default", "Bracers": "Default", "Gloves": "Default", "Belt": "Default", "Belt Buckle": "Default", "Skirt": "#8e53d7ff", "Pants": "Default", "Boots": "Default", "Soles": "Default", "Pyjama Hair": "Default", "Pyjama Shirt": "#8a61b3ff", "Pyjama Shirt Pattern": "#40237fff", "Pyjama Band": "#4f236fff", "Pyjama Band Pattern": "#cca7ffff", "Pyjama Belt": "#6648a3ff", "Pyjama Pants": "#543b7eff", "Pyjama Boots": "Default", "Pyjama Soles": "Default"}, "AllowTunicSwap": "True"}, "Dark Link": {"Colors": {"Skin": "#424242ff", "Hat": "#191818ff", "Hair": "#c8c8c8ff", "Eyes": "#a71e20ff", "Tunic": "#191818ff", "Undershirt": "#575757ff", "Chainmail": "#666666ff", "Bracers": "#605757ff", "Gloves": "#212121ff", "Belt": "#7e7e7eff", "Belt Buckle": "#ddddddff", "Skirt": "#191818ff", "Pants": "#4a4a4aff", "Boots": "#4e4e4eff", "Soles": "#767676ff", "Pyjama Hair": "#c8c8c8ff", "Pyjama Shirt": "#1f1f1fff", "Pyjama Shirt Pattern": "#b2b2b2ff", "Pyjama Band": "#911010ff", "Pyjama Band Pattern": "#cdcdcdff", "Pyjama Belt": "#545454ff", "Pyjama Pants": "#4a4a4aff", "Pyjama Boots": "#4e4e4eff", "Pyjama Soles": "#767676ff"}, "AllowTunicSwap": "True"}, "Pipit's Tunic / Mallara's Clothes": {"Colors": {"Skin": "Default", "Hat": "#f7c633ff", "Hair": "#6c4740ff", "Eyes": "Default", "Tunic": "#f7c633ff", "Undershirt": "Default", "Chainmail": "#604d42ff", "Bracers": "#454571ff", "Gloves": "Default", "Belt": "#373b53ff", "Belt Buckle": "Default", "Skirt": "#f7c633ff", "Pants": "#c19e7bff", "Boots": "#57471aff", "Soles": "#382f14ff", "Pyjama Hair": "#654730ff", "Pyjama Shirt": "#d67423ff", "Pyjama Shirt Pattern": "#ce8f11ff", "Pyjama Band": "#884318ff", "Pyjama Band Pattern": "#ff894eff", "Pyjama Belt": "#454f53ff", "Pyjama Pants": "#ce9f80ff", "Pyjama Boots": "#5c2f2cff", "Pyjama Soles": "#a5716eff"}, "AllowTunicSwap": "True"}, "Impa (Tunic) / Groose (Pajamas)": {"Colors": {"Skin": "Default", "Hat": "#7f3036ff", "Hair": "#e9c452ff", "Eyes": "Default", "Tunic": "#2d3e5bff", "Undershirt": "#998754ff", "Chainmail": "#9a522dff", "Bracers": "#5758daff", "Gloves": "#bcbcbcff", "Belt": "#b05a21ff", "Belt Buckle": "Default", "Skirt": "#2d3e5bff", "Pants": "#202127ff", "Boots": "#162939ff", "Soles": "#5d5b74ff", "Pyjama Hair": "#b62325ff", "Pyjama Shirt": "#264040ff", "Pyjama Shirt Pattern": "#be997bff", "Pyjama Band": "#e0c562ff", "Pyjama Band Pattern": "#a7281dff", "Pyjama Belt": "#1a261cff", "Pyjama Pants": "#b1a55eff", "Pyjama Boots": "#493d2cff", "Pyjama Soles": "#817452ff"}, "AllowTunicSwap": "True"}, "Hero of the Wild": {"Colors": {"Skin": "#ebb588ff", "Hat": "#a6c461ff", "Hair": "Default", "Eyes": "#17b9ffff", "Tunic": "#a6c461ff", "Undershirt": "#9d793bff", "Chainmail": "#ddbf95ff", "Bracers": "#ac8a58ff", "Gloves": "#f4bc8eff", "Belt": "#a2703eff", "Belt Buckle": "Default", "Skirt": "#a6c461ff", "Pants": "#ac704dff", "Boots": "#a56e5bff", "Soles": "#9d805fff", "Pyjama Hair": "Default", "Pyjama Shirt": "#467f94ff", "Pyjama Shirt Pattern": "#f5f5f5ff", "Pyjama Band": "#649ca2ff", "Pyjama Band Pattern": "#e9e9e9ff", "Pyjama Belt": "#a2703eff", "Pyjama Pants": "#c2b57fff", "Pyjama Boots": "#a56e5bff", "Pyjama Soles": "#bc9680ff"}, "AllowTunicSwap": "True"}, "Hero of the Wind": {"Colors": {"Skin": "#eecf8fff", "Hat": "#85bc61ff", "Hair": "#f2c73bff", "Eyes": "#17b9ffff", "Tunic": "#85bc61ff", "Undershirt": "#87b84fff", "Chainmail": "#87b84fff", "Bracers": "#85bc61ff", "Gloves": "#fad299ff", "Belt": "#71362bff", "Belt Buckle": "#ecb758ff", "Skirt": "#85bc61ff", "Pants": "#dad0bbff", "Boots": "#b66536ff", "Soles": "#83441fff", "Pyjama Hair": "#f2c73bff", "Pyjama Shirt": "#2a5f87ff", "Pyjama Shirt Pattern": "#f7fae1ff", "Pyjama Band": "#247294ff", "Pyjama Band Pattern": "#f7fae1ff", "Pyjama Belt": "#f7fae1ff", "Pyjama Pants": "#f39700ff", "Pyjama Boots": "#b2a285ff", "Pyjama Soles": "#3b3732ff"}, "AllowTunicSwap": "True"}, "Ravio": {"Colors": {"Skin": "Default", "Hat": "#944cacff", "Hair": "#322443ff", "Eyes": "#141b00ff", "Tunic": "#944cacff", "Undershirt": "#6c748bff", "Chainmail": "#302f43ff", "Bracers": "#805d97ff", "Gloves": "#e5ad99ff", "Belt": "#9d6646ff", "Belt Buckle": "#4dae46ff", "Skirt": "#944cacff", "Pants": "#4b3965ff", "Boots": "#3c3946ff", "Soles": "#4c4959ff", "Pyjama Hair": "#322443ff", "Pyjama Shirt": "#8f5c9dff", "Pyjama Shirt Pattern": "#4e7bbeff", "Pyjama Band": "#74442dff", "Pyjama Band Pattern": "#6ab65dff", "Pyjama Belt": "#b94a44ff", "Pyjama Pants": "#543b7eff", "Pyjama Boots": "#3c3946ff", "Pyjama Soles": "#4c4959ff"}, "AllowTunicSwap": "True"}}