{
    "[light]":
    {
        "background": "#ffffffff",
        "border": "#000000ff",
        "foreground": "#000000ff",
        "foreground>disabled": "#00000066",
        "foreground>disabledSelectionBackground": "#0000003f",
        "foreground>icon": "#000000ff",
        "foreground>icon.unfocused": "#00000099",
        "primary": "#000000ff",
        "primary>selection.background": "#0000007f",
        "foreground>defaultButton.disabledBackground": "#0000003f",
        "primary>button.activeBackground": "#ffffff3d",
        "primary>button.hoverBackground": "#bbbbbb19",
        "primary>defaultButton.activeBackground": "#ffffffff",
        "primary>defaultButton.hoverBackground": "#bbbbbbff",
        "input.background": "#ddddddff",
        "inputButton.hoverBackground": "#00000018",
        "border>input": "#ddddddff",
        "foreground>input.placeholder": "#22222299",
        "linkVisited": "#000000ff",
        "list.alternateBackground": "#00000009",
        "list.hoverBackground": "#00000013",
        "tree.inactiveIndentGuidesStroke": "#00000030",
        "tree.indentGuidesStroke": "#00000050",
        "treeSectionHeader.background": "#bbbbbbff",
        "background>list": "#ddddddff",
        "primary>list.inactiveSelectionBackground": "#44444416",
        "primary>list.selectionBackground": "#44444459",
        "menubar.selectionBackground": "#00000020",
        "background>panel": "#ffffffff",
        "popupItem.checkbox.background": "#00000019",
        "popupItem.selectionBackground": "#00000022",
        "background>popup": "#ddddddff",
        "foreground>progressBar.disabledBackground": "#0000003f",
        "primary>progressBar.background": "#000000ff",
        "scrollbar.background": "#00000010",
        "scrollbarSlider.activeBackground": "#00000060",
        "scrollbarSlider.background": "#00000040",
        "scrollbarSlider.disabledBackground": "#00000015",
        "scrollbarSlider.hoverBackground": "#00000050",
        "foreground>slider.disabledBackground": "#0000003f",
        "foreground>sliderTrack.inactiveBackground": "#00000033",
        "primary>sliderHandle.activeBackground": "#000000ff",
        "statusBar.background": "#bbbbbbff",
        "statusBarItem.activeBackground": "#00000024",
        "statusBarItem.hoverBackground": "#00000015",
        "table.alternateBackground": "#00000012",
        "tableSectionHeader.background": "#bbbbbbff",
        "background>table": "#eeeeeeff",
        "primary>table.selectionBackground": "#0000007f",
        "primary>table.inactiveSelectionBackground": "#22222216",
        "tab.activeBackground": "#00000000",
        "tab.hoverBackground": "#00000015",
        "tabCloseButton.hoverBackground": "#00000020",
        "textarea.inactiveSelectionBackground": "#00000015",
        "background>textarea": "#eeeeeeff",
        "primary>textarea.selectionBackground": "#7777777f",
        "background>title": "#ffffffff",
        "toolbar.activeBackground": "#00000024",
        "toolbar.background": "#bbbbbbff",
        "toolbar.hoverBackground": "#00000015"
    },
    "[dark]":
    {
        "background": "#000000ff",
        "border": "#ffffffff",
        "foreground": "#ffffffff",
        "foreground>disabled": "#ffffff66",
        "foreground>disabledSelectionBackground": "#ffffff33",
        "foreground>icon": "#ffffffff",
        "foreground>icon.unfocused": "#ffffff99",
        "primary": "#ffffffff",
        "primary>selection.background": "#ffffff66",
        "foreground>defaultButton.disabledBackground": "#ffffff33",
        "primary>button.activeBackground": "#000000ff",
        "primary>button.hoverBackground": "#444444ff",
        "primary>defaultButton.activeBackground": "#000000ff",
        "primary>defaultButton.hoverBackground": "#444444ff",
        "input.background": "#222222ff",
        "inputButton.hoverBackground": "#ffffff25",
        "border>input": "#222222ff",
        "foreground>input.placeholder": "#dddddd99",
        "linkVisited": "#ffffffff",
        "list.alternateBackground": "#ffffff0c",
        "list.hoverBackground": "#ffffff13",
        "tree.inactiveIndentGuidesStroke": "#ffffff35",
        "tree.indentGuidesStroke": "#ffffff60",
        "treeSectionHeader.background": "#444444ff",
        "background>list": "#222222ff",
        "primary>list.inactiveSelectionBackground": "#bbbbbb26",
        "primary>list.selectionBackground": "#bbbbbb66",
        "menubar.selectionBackground": "#ffffff25",
        "background>panel": "#000000ff",
        "popupItem.checkbox.background": "#ffffff19",
        "popupItem.selectionBackground": "#ffffff22",
        "background>popup": "#222222ff",
        "foreground>progressBar.disabledBackground": "#ffffffff",
        "primary>progressBar.background": "#ffffffff",
        "scrollbar.background": "#ffffff10",
        "scrollbarSlider.activeBackground": "#ffffff60",
        "scrollbarSlider.background": "#ffffff30",
        "scrollbarSlider.disabledBackground": "#ffffff15",
        "scrollbarSlider.hoverBackground": "#ffffff45",
        "foreground>slider.disabledBackground": "#ffffff33",
        "foreground>sliderTrack.inactiveBackground": "#ffffff19",
        "primary>sliderHandle.activeBackground": "#ffffffff",
        "statusBar.background": "#444444ff",
        "statusBarItem.activeBackground": "#ffffff34",
        "statusBarItem.hoverBackground": "#ffffff22",
        "table.alternateBackground": "#ffffff15",
        "tableSectionHeader.background": "#444444ff",
        "background>table": "#111111ff",
        "primary>table.selectionBackground": "#ffffffff",
        "primary>table.inactiveSelectionBackground": "#dddddd2d",
        "tab.activeBackground": "#ffffff00",
        "tab.hoverBackground": "#ffffff18",
        "tabCloseButton.hoverBackground": "#ffffff25",
        "textarea.inactiveSelectionBackground": "#ffffff20",
        "background>textarea": "#111111ff",
        "primary>textarea.selectionBackground": "#77777766",
        "background>title": "#000000ff",
        "toolbar.activeBackground": "#ffffff34",
        "toolbar.background": "#444444ff",
        "toolbar.hoverBackground": "#ffffff22"
    }
}