{
    "[light]":
    {
        "background": "#faebd7ff",
        "border": "#aaaaaaff",
        "foreground": "#000000ff",
        "foreground>disabled": "#4d515766",
        "foreground>disabledSelectionBackground": "#4d51573f",
        "foreground>icon": "#494d53ff",
        "foreground>icon.unfocused": "#4d515799",
        "primary": "#1a73e8ff",
        "primary>selection.background": "#619eef7f",
        "foreground>defaultButton.disabledBackground": "#4d51573f",
        "primary>button.activeBackground": "#1770e33d",
        "primary>button.hoverBackground": "#1770e319",
        "primary>defaultButton.activeBackground":"#619eefff",
        "primary>defaultButton.hoverBackground": "3282eaff",
        "input.background": "#e0d2c0ff",
        "inputButton.hoverBackground": "#00000018",
        "border>input": "#dadce0ff",
        "foreground>input.placeholder": "#4d515799",
        "linkVisited": "#660098ff",
        "list.alternateBackground": "#00000009",
        "list.hoverBackground": "#00000013",
        "tree.inactiveIndentGuidesStroke": "#00000030",
        "tree.indentGuidesStroke": "#00000050",
        "treeSectionHeader.background": "#dadce0ff",
        "background>list": "#e0d2c0ff",
        "primary>list.inactiveSelectionBackground": "#0d418516",
        "primary>list.selectionBackground": "#4990ed59",
        "menubar.selectionBackground": "#00000020",
        "background>panel": "#ffffffff",
        "popupItem.checkbox.background": "#00000019",
        "popupItem.selectionBackground": "#00000022",
        "background>popup": "#e0d2c0ff",
        "foreground>progressBar.disabledBackground": "#4d51573f",
        "primary>progressBar.background": "#4990edff",
        "scrollbar.background": "#00000010",
        "scrollbarSlider.activeBackground": "#00000060",
        "scrollbarSlider.background": "#00000040",
        "scrollbarSlider.disabledBackground": "#00000015",
        "scrollbarSlider.hoverBackground": "#00000050",
        "foreground>slider.disabledBackground": "#4d51573f",
        "foreground>sliderTrack.inactiveBackground": "#4d515733",
        "primary>sliderHandle.activeBackground": "#4990edff",
        "statusBar.background": "#dfe1e5ff",
        "statusBarItem.activeBackground": "#00000024",
        "statusBarItem.hoverBackground": "#00000015",
        "table.alternateBackground": "#00000012",
        "tableSectionHeader.background": "#dadce0ff",
        "background>table": "#ffffffff",
        "primary>table.selectionBackground": "#3282ea7f",
        "primary>table.inactiveSelectionBackground": "#0d418516",
        "tab.activeBackground": "#00000000",
        "tab.hoverBackground": "#00000015",
        "tabCloseButton.hoverBackground": "#00000020",
        "textarea.inactiveSelectionBackground": "#00000015",
        "background>textarea": "ffffffff",
        "primary>textarea.selectionBackground": "#619eef7f",
        "background>title": "#eceff2ff",
        "toolbar.activeBackground": "#00000024",
        "toolbar.background": "#ebebebff",
        "toolbar.hoverBackground": "#00000015"
    },
    "[dark]":
    {
        "background": "#40393eff",
        "border": "#777777ff",
        "foreground": "#ffffffff",
        "foreground>disabled": "#e4e7eb66",
        "foreground>disabledSelectionBackground": "#e4e7eb33",
        "foreground>icon": "#e1e5e9ff",
        "foreground>icon.unfocused": "#e4e7eb99",
        "primary": "#8ab4f7ff",
        "primary>selection.background": "#5f9af466",
        "foreground>defaultButton.disabledBackground": "#e4e7eb33",
        "primary>button.activeBackground": "#5796f43a",
        "primary>button.hoverBackground": "#669ff51c",
        "primary>defaultButton.activeBackground": "#5f9af4ff",
        "primary>defaultButton.hoverBackground": "75a8f6ff",
        "input.background": "#332d31ff",
        "inputButton.hoverBackground": "#ffffff25",
        "border>input": "#3f4042ff",
        "foreground>input.placeholder": "#e4e7eb99",
        "linkVisited": "#c58af8ff",
        "list.alternateBackground": "#ffffff0c",
        "list.hoverBackground": "#ffffff13",
        "tree.inactiveIndentGuidesStroke": "#ffffff35",
        "tree.indentGuidesStroke": "#ffffff60",
        "treeSectionHeader.background": "#3f4042ff",
        "background>list": "#332d31ff",
        "primary>list.inactiveSelectionBackground": "#d2e3fc26",
        "primary>list.selectionBackground": "#4288f266",
        "menubar.selectionBackground": "#ffffff25",
        "background>panel": "#161719ff",
        "popupItem.checkbox.background": "#ffffff19",
        "popupItem.selectionBackground": "#ffffff22",
        "background>popup": "#332d31ff",
        "foreground>progressBar.disabledBackground": "#e4e7eb33",
        "primary>progressBar.background": "#669ff5ff",
        "scrollbar.background": "#ffffff10",
        "scrollbarSlider.activeBackground": "#ffffff60",
        "scrollbarSlider.background": "#ffffff30",
        "scrollbarSlider.disabledBackground": "#ffffff15",
        "scrollbarSlider.hoverBackground": "#ffffff45",
        "foreground>slider.disabledBackground": "#e4e7eb33",
        "foreground>sliderTrack.inactiveBackground": "#e4e7eb19",
        "primary>sliderHandle.activeBackground": "#6aa1f5ff",
        "statusBar.background": "#2a2b2eff",
        "statusBarItem.activeBackground": "#ffffff34",
        "statusBarItem.hoverBackground": "#ffffff22",
        "table.alternateBackground": "#ffffff15",
        "tableSectionHeader.background": "#3f4042ff",
        "background>table": "#101012ff",
        "primary>table.selectionBackground": "#4288f28c",
        "primary>table.inactiveSelectionBackground": "#d2e3fc2d",
        "tab.activeBackground": "#ffffff00",
        "tab.hoverBackground": "#ffffff18",
        "tabCloseButton.hoverBackground": "#ffffff25",
        "textarea.inactiveSelectionBackground": "#ffffff20",
        "background>textarea": "1c1d1fff",
        "primary>textarea.selectionBackground": "#5f9af466",
        "background>title": "#161719ff",
        "toolbar.activeBackground": "#ffffff34",
        "toolbar.background": "#333333ff",
        "toolbar.hoverBackground": "#ffffff22"
    }
}